NOC,Year,Total_Athletes,Total_Medals,GDP,Population
AFG,2004,5,0,5224896718.67782,23560654.0
AFG,2008,4,1,10109297047.5432,26482622.0
AFG,2012,6,1,19907329777.5872,30560034.0
AFG,2016,3,0,18116572395.0772,34700612.0
ALB,1992,7,0,652174990.837304,3247039.0
ALB,1996,7,0,3234486232.04392,3168033.0
ALB,2000,4,0,3584570164.85195,3089027.0
ALB,2004,7,0,7406645793.44038,3026939.0
ALB,2006,1,0,9150528132.17633,2992547.0
ALB,2008,11,0,13258506375.4518,2947314.0
ALB,2010,1,0,12086545641.299,2913021.0
ALB,2012,9,0,12246499747.9714,2860708.0
ALB,2014,1,0,13296322588.1684,2773767.0
ALB,2016,6,0,11988668784.6628,2689469.0
AND,1976,8,0,227283850.831271,29436.0
AND,1980,5,0,446377776.798001,35782.0
AND,1984,4,0,330073080.637098,42273.0
AND,1988,7,0,721425939.15155,49416.0
AND,1992,13,0,1209992020.29543,60200.0
AND,1994,6,0,1017544068.8408,64612.0
AND,1996,8,0,1224024139.21295,63984.0
AND,1998,3,0,1211953994.05714,65382.0
AND,2000,5,0,1432606188.65883,65685.0
AND,2002,3,0,1764279824.23138,66506.0
AND,2004,6,0,2900245324.32047,74325.0
AND,2006,3,0,3459337986.67058,79585.0
AND,2008,5,0,4102319398.76562,83495.0
AND,2010,6,0,3449925738.83334,80706.0
AND,2012,6,0,3188652765.29297,76834.0
AND,2014,6,0,3271685596.52156,73737.0
AND,2016,4,0,2896610479.86771,72181.0
ARG,1960,98,4,15865474315.4056,20386045.0
ARG,1964,114,1,25605249381.7597,21769453.0
ARG,1968,94,2,26436857247.4982,23150583.0
ARG,1972,94,1,34733000536.2862,24644328.0
ARG,1976,77,0,51169499892.1722,26282283.0
ARG,1980,13,0,76961923741.0701,28011596.0
ARG,1984,99,0,116915052107.031,29863093.0
ARG,1988,133,13,126890235049.092,31780532.0
ARG,1992,104,2,228778917308.17,33693527.0
ARG,1994,10,0,257440000000.0,34613491.0
ARG,1996,179,20,272149750000.0,35513793.0
ARG,1998,2,0,298948250000.0,36372860.0
ARG,2000,143,20,284203750000.0,37213984.0
ARG,2002,11,0,97724004251.8602,38029349.0
ARG,2004,152,49,164657930452.787,38815916.0
ARG,2006,9,0,232557260817.308,39622115.0
ARG,2008,132,51,361558037110.419,40424148.0
ARG,2010,7,0,423627422092.49,41288694.0
ARG,2012,137,19,545982375701.128,42161721.0
ARG,2014,7,0,526319673731.638,43024071.0
ARG,2016,215,22,557532320662.955,43900313.0
ARM,1994,2,0,1315158636.67553,3364610.0
ARM,1996,32,2,1596968946.23708,3278735.0
ARM,1998,7,0,1893726437.26462,3208401.0
ARM,2000,25,1,1911563668.85006,3221100.0
ARM,2002,9,0,2376335048.39976,3199800.0
ARM,2004,18,0,3576615240.41616,3164900.0
ARM,2006,5,0,6384452066.5146,3127100.0
ARM,2008,25,6,11662040713.8753,3087100.0
ARM,2010,4,0,9260285755.62424,3044800.0
ARM,2012,24,3,10619320682.9474,3024100.0
ARM,2014,4,0,11609513246.7958,3013800.0
ARM,2016,31,4,10546136235.5219,2992300.0
AUS,1960,219,46,18635682981.7093,10276477.0
AUS,1964,248,44,23835843813.735,11167000.0
AUS,1968,131,51,32763365242.1384,12009000.0
AUS,1972,172,20,52117990654.2056,13177000.0
AUS,1976,188,23,105209354855.787,14033000.0
AUS,1980,129,13,150200557103.064,14692000.0
AUS,1984,252,52,193749932078.26,15579391.0
AUS,1988,271,35,236461079970.431,16532164.0
AUS,1992,301,57,325982966981.415,17478635.0
AUS,1994,25,4,323269456935.317,17805468.0
AUS,1996,417,132,401962517479.122,18224767.0
AUS,1998,23,1,400361527504.578,18607584.0
AUS,2000,617,183,416901962163.479,19028802.0
AUS,2002,25,2,396436967262.563,19495210.0
AUS,2004,470,157,615643050220.515,19932722.0
AUS,2006,40,2,749708370332.989,20450966.0
AUS,2008,432,149,1058448244063.77,21249199.0
AUS,2010,40,3,1152566632022.13,22031750.0
AUS,2012,405,114,1552728401401.58,22733465.0
AUS,2014,60,3,1474677007565.64,23475686.0
AUS,2016,420,82,1211588128417.61,24190907.0
AUT,1960,129,9,6624086313.14334,7047539.0
AUT,1964,139,17,9213648655.97511,7223801.0
AUT,1968,119,20,12499863917.1003,7415403.0
AUT,1972,151,8,21973207929.0434,7544201.0
AUT,1976,137,8,42791707448.0325,7565525.0
AUT,1980,126,13,81737498404.5948,7549433.0
AUT,1984,166,4,67719055773.3306,7561434.0
AUT,1988,154,13,132817124707.456,7585317.0
AUT,1992,160,35,194314032056.098,7840709.0
AUT,1994,80,12,202738023129.743,7936118.0
AUT,1996,72,3,235952581232.129,7959017.0
AUT,1998,96,20,217068085815.918,7976789.0
AUT,2000,92,4,196181599831.287,8011566.0
AUT,2002,90,20,212837224022.813,8081957.0
AUT,2004,74,8,299210411454.823,8171966.0
AUT,2006,73,30,333905979332.481,8268641.0
AUT,2008,70,3,429234399096.173,8321496.0
AUT,2010,75,26,389827789217.634,8363404.0
AUT,2012,70,0,406750487603.59,8429991.0
AUT,2014,126,27,438556021078.034,8546356.0
AUT,2016,71,2,393687359770.273,8736668.0
AZE,1996,23,1,3176507376.31836,7763000.0
AZE,1998,4,0,4446368570.6901,7913000.0
AZE,2000,31,3,5272615722.96892,8048600.0
AZE,2002,4,0,6236087738.28284,8171950.0
AZE,2004,36,5,8680405740.94125,8306500.0
AZE,2006,2,0,20981929497.6188,8484550.0
AZE,2008,44,7,48851293785.4483,8763400.0
AZE,2010,2,0,52909294791.9262,9054332.0
AZE,2012,52,10,69679944504.1972,9295784.0
AZE,2014,3,0,75239785452.1022,9535079.0
AZE,2016,56,18,37866996882.9157,9757812.0
BDI,1996,7,1,869033856.317093,6070506.0
BDI,2000,6,0,870486065.883137,6470194.0
BDI,2004,7,0,915257323.3961,7310656.0
BDI,2008,3,0,1611835857.04588,8505637.0
BDI,2012,6,0,2327402362.81574,10071028.0
BDI,2016,9,1,2618093125.14687,11239451.0
BEL,1960,101,4,11810619368.3874,9153489.0
BEL,1964,68,3,16168044450.2523,9378113.0
BEL,1968,82,3,21654856965.4281,9618756.0
BEL,1972,89,2,37209418018.5134,9711115.0
BEL,1976,105,9,71113882967.6071,9818227.0
BEL,1980,61,1,126829314388.191,9859242.0
BEL,1984,67,5,83349530159.1734,9855372.0
BEL,1988,60,2,162299103675.261,9901664.0
BEL,1992,73,3,234781652446.675,10045158.0
BEL,1994,5,0,244884129491.198,10115603.0
BEL,1996,61,6,279201433224.756,10156637.0
BEL,1998,1,1,258528339631.029,10203008.0
BEL,2000,68,7,236792460312.471,10251250.0
BEL,2002,6,0,258383599375.177,10332785.0
BEL,2004,50,3,369214712443.206,10421137.0
BEL,2006,4,0,408259840868.823,10547958.0
BEL,2008,94,5,517328087920.078,10709973.0
BEL,2010,8,0,481556503720.001,10895586.0
BEL,2012,111,3,498414364944.961,11106932.0
BEL,2014,7,0,537987419164.351,11209057.0
BEL,2016,104,21,474271566739.729,11331422.0
BEN,1972,3,0,410331856.991218,3207543.0
BEN,1980,16,0,1405251846.54048,3925251.0
BEN,1984,3,0,1051134008.78979,4405895.0
BEN,1988,7,0,1620246083.79478,4967341.0
BEN,1992,6,0,1695315305.70308,5617844.0
BEN,1996,5,0,2361116449.39308,6391858.0
BEN,2000,4,0,3519991440.47913,7221619.0
BEN,2004,4,0,6190270380.49856,8159094.0
BEN,2008,5,0,9787734526.23965,9228466.0
BEN,2012,5,0,11141358115.8991,10397657.0
BEN,2016,6,0,11821065853.3838,11697842.0
BIH,1992,10,0,4735044707.23969,4234616.0
BIH,1994,10,0,1255802469.1358,3725412.0
BIH,1996,9,0,2786045321.63743,3875246.0
BIH,1998,8,0,4116774300.60671,4089356.0
BIH,2000,9,0,5567772768.81188,4159771.0
BIH,2002,2,0,6728220982.88398,4188002.0
BIH,2004,9,0,10156541220.9704,4140987.0
BIH,2006,6,0,12864841905.9543,4063272.0
BIH,2008,5,0,19112796623.1175,3947544.0
BIH,2010,5,0,17176315803.7298,3811472.0
BIH,2012,6,0,17226735995.6905,3670113.0
BIH,2014,5,0,18558734107.1478,3564829.0
BIH,2016,11,0,17116926553.8513,3473003.0
BLR,1994,33,2,14931435232.078,10226955.0
BLR,1996,157,23,14500437519.8258,10159569.0
BLR,1998,59,2,15222012660.4232,10071963.0
BLR,2000,139,22,12736856827.9847,9979610.0
BLR,2002,64,1,14594900944.7658,9865548.0
BLR,2004,151,15,23141566292.9462,9730146.0
BLR,2006,28,1,36961894281.3444,9604924.0
BLR,2008,177,29,60752106347.126,9527985.0
BLR,2010,47,3,57231904542.8755,9483836.0
BLR,2012,160,23,65685890438.8922,9446836.0
BLR,2014,26,6,78813069120.9984,9448515.0
BLR,2016,120,12,47723545321.259,9469379.0
BOL,1964,1,0,544023569.023569,4022996.0
BOL,1968,4,0,857912457.912458,4388944.0
BOL,1972,11,0,1257615644.97932,4800978.0
BOL,1976,4,0,2731984007.996,5256496.0
BOL,1980,3,0,4537479608.48287,5758900.0
BOL,1984,14,0,6169483225.35915,6281868.0
BOL,1988,13,0,4597612362.2748,6835508.0
BOL,1992,18,0,5643868748.68126,7430336.0
BOL,1996,8,0,7396949126.35685,8021736.0
BOL,2000,5,0,8397855484.76908,8606326.0
BOL,2004,7,0,8773451751.5121,9204287.0
BOL,2008,7,0,16674276285.8956,9850858.0
BOL,2012,5,0,27084497481.9103,10515807.0
BOL,2016,12,0,33941126193.9219,11180020.0
BRA,1960,72,13,17030465539.3906,72388126.0
BRA,1964,61,12,20963733694.9749,81488595.0
BRA,1968,76,4,33930457425.2613,90741240.0
BRA,1972,81,2,58434858374.8696,100146797.0
BRA,1976,79,3,153168949208.207,110213349.0
BRA,1980,106,9,237393489892.637,121207461.0
BRA,1984,147,36,188339974086.58,132658864.0
BRA,1988,160,23,307881930752.268,143826357.0
BRA,1992,189,14,328191909882.232,154275079.0
BRA,1994,1,0,525369467295.737,159265006.0
BRA,1996,221,63,850426432991.742,164202549.0
BRA,1998,1,0,863710759256.435,169159655.0
BRA,2000,198,48,655448231983.527,174018282.0
BRA,2002,10,0,509795273806.715,178503484.0
BRA,2004,243,40,669289424806.307,182675143.0
BRA,2006,9,0,1107626541434.92,186653106.0
BRA,2008,268,78,1695855083497.52,190367302.0
BRA,2010,5,0,2208837745100.55,193701929.0
BRA,2012,248,59,2465227802806.76,196876111.0
BRA,2014,13,0,2456043727198.85,200085127.0
BRA,2016,462,50,1795693482853.01,203218114.0
BRN,1984,10,0,7632788075.1621,211661.0
BRN,1988,7,0,4535130304.71096,240913.0
BRN,1992,10,0,6327966435.17026,269839.0
BRN,1996,5,0,7663377306.04996,298276.0
BRN,2000,4,0,6570999087.56742,326424.0
BRN,2004,10,0,8619178773.51458,352911.0
BRN,2008,14,0,15926456515.0049,377793.0
BRN,2012,12,1,19048443340.7732,405557.0
BRN,2016,33,2,11400266044.6651,427564.0
CAF,1968,1,0,191767441.604577,2005100.0
CAF,1984,3,0,637820670.299604,2568610.0
CAF,1988,15,0,1264899287.51261,2713965.0
CAF,1992,15,0,1411917553.12436,3058831.0
CAF,1996,5,0,1007791127.09913,3435965.0
CAF,2000,3,0,916777282.691659,3833416.0
CAF,2004,4,0,1272360517.32373,4192826.0
CAF,2008,3,0,1993407888.49838,4558984.0
CAF,2012,6,0,2510126512.22831,4610848.0
CAF,2016,6,0,1825018144.65595,4713663.0
CAN,1960,129,30,40563768946.9503,17909356.0
CAN,1964,170,12,49503663836.3665,19325000.0
CAN,1968,208,30,72048833006.1602,20744000.0
CAN,1972,255,12,113463848873.624,22218463.0
CAN,1976,443,26,207271612576.065,23449808.0
CAN,1980,59,2,274776566028.053,24515667.0
CAN,1984,474,91,356718400123.543,25607053.0
CAN,1988,440,29,509380027626.554,26791747.0
CAN,1992,403,80,594387358318.855,28371264.0
CAN,1994,95,37,579944346807.264,29000663.0
CAN,1996,303,50,630607994132.747,29610218.0
CAN,1998,144,49,633999325918.436,30155173.0
CAN,2000,294,31,744773415931.587,30685730.0
CAN,2002,150,74,760650608551.583,31359199.0
CAN,2004,262,17,1026691006917.76,31938807.0
CAN,2006,191,69,1319291255289.14,32571193.0
CAN,2008,332,35,1552993439550.14,33247298.0
CAN,2010,201,90,1617349192091.46,34005902.0
CAN,2012,273,55,1828359477071.97,34713395.0
CAN,2014,217,86,1805751688808.98,35434066.0
CAN,2016,310,69,1527996250640.92,36110803.0
CHI,1998,3,0,5945677376.61477,146906.0
CHI,2000,50,17,6439703434.71024,148110.0
CHI,2002,6,0,6663669064.7482,149881.0
CHI,2004,22,4,8553643354.08275,152039.0
CHI,2006,9,0,9676172953.08188,154214.0
CHI,2010,3,0,8902359316.35606,158621.0
CHI,2012,35,0,9454638123.23572,160767.0
CHI,2014,6,0,10527973277.6068,162726.0
CHI,2016,42,0,9168857222.32574,163883.0
CHN,1980,24,0,191487500000.0,981235000.0
CHN,1984,252,74,260442857142.857,1036825000.0
CHN,1988,286,52,312888888888.889,1101630000.0
CHN,1992,276,85,428502354788.069,1164970000.0
CHN,1994,24,3,566929539493.172,1191835000.0
CHN,1996,294,106,868523936530.083,1217550000.0
CHN,1998,57,14,1037134141760.35,1241935000.0
CHN,2000,271,79,1223754919971.05,1262645000.0
CHN,2002,66,16,1489821682050.54,1280400000.0
CHN,2004,383,94,1984196551300.44,1296075000.0
CHN,2006,73,13,2791498472804.33,1311020000.0
CHN,2008,599,184,4667346414521.95,1324655000.0
CHN,2010,86,19,6192564874453.29,1337705000.0
CHN,2012,375,125,8673664713189.24,1354190000.0
CHN,2014,62,12,10674533168257.4,1371860000.0
CHN,2016,392,113,11456024084962.0,1387790000.0
CIV,1964,9,0,921063326.589918,4273952.0
CIV,1968,10,0,1281281276.72357,4990021.0
CIV,1972,11,0,1849400401.64724,5909716.0
CIV,1976,8,0,4662053824.83955,7057958.0
CIV,1984,15,1,6841639246.8996,9650516.0
CIV,1988,28,0,10255169805.7996,11275189.0
CIV,1992,13,0,11152971273.9383,13200310.0
CIV,1996,11,0,18071152830.6101,15442312.0
CIV,2000,14,0,16577533891.8785,17699004.0
CIV,2004,5,0,23510575681.3686,19595000.0
CIV,2008,21,0,34078240293.2559,21514439.0
CIV,2012,9,0,36302302877.2977,23467078.0
CIV,2016,12,2,48407761036.8238,25989405.0
CMR,1964,1,0,776650176.904453,5578257.0
CMR,1968,5,1,1046191217.79942,6125863.0
CMR,1972,11,0,1498251889.66287,6806872.0
CMR,1976,4,0,2898090001.8562,7597962.0
CMR,1980,25,0,6674569046.6832,8512219.0
CMR,1984,46,1,7311938026.36713,9475078.0
CMR,1988,15,0,12236057362.4917,10684968.0
CMR,1992,8,0,12071775335.0433,12006353.0
CMR,1996,15,0,11093538846.4483,13414757.0
CMR,2000,34,18,10566579294.9831,14912631.0
CMR,2002,1,0,12417251350.4882,15725528.0
CMR,2004,17,1,18826214135.6419,16610487.0
CMR,2008,32,1,27715142032.913,18574056.0
CMR,2012,32,0,30155062329.2821,20809529.0
CMR,2016,22,0,33814337044.3765,23454161.0
COD,1968,5,0,3909780538.92216,19012189.0
COD,1984,8,0,7857729193.20343,30245081.0
COD,1988,15,0,8861299976.74158,34382752.0
COD,1992,17,0,8227343907.26679,39228910.0
COD,1996,14,0,5771456952.1908,45296124.0
COD,2000,2,0,19088046305.7971,50507442.0
COD,2004,4,0,10297483481.223,56997741.0
COD,2008,5,0,22723488723.3641,64390664.0
COD,2012,4,0,30029369928.7318,73254618.0
COD,2016,4,0,38600224214.4728,83956415.0
COL,1960,16,0,4031152976.63904,15606209.0
COL,1964,20,0,5973366666.66667,17637411.0
COL,1968,43,0,5960212869.12968,19766796.0
COL,1972,59,3,8671358732.68486,21819563.0
COL,1976,35,0,15341403660.4698,23858810.0
COL,1980,23,0,33400735644.0481,26104498.0
COL,1984,39,1,38253120737.9671,28642690.0
COL,1988,40,1,39212550050.4223,31130524.0
COL,1992,49,1,58418985443.3172,33760571.0
COL,1996,48,0,97160109277.8087,36462745.0
COL,2000,44,1,99875074951.0278,39089934.0
COL,2004,53,2,117092416666.245,41543171.0
COL,2008,67,2,242504150472.931,43758808.0
COL,2010,1,0,286498534094.963,44777319.0
COL,2012,101,8,370691143018.039,45715810.0
COL,2016,143,8,282720100286.228,47437512.0
COM,1996,4,0,392488148.725187,499107.0
COM,2000,2,0,339504306.290689,536080.0
COM,2004,3,0,622679660.37137,580704.0
COM,2008,3,0,915659107.965823,629307.0
COM,2012,3,0,1015842906.66403,681630.0
COM,2016,4,0,1012835493.19325,741741.0
CPV,1996,3,0,501979269.843942,425581.0
CPV,2000,2,0,539227277.626411,453317.0
CPV,2004,3,0,924940011.836897,479370.0
CPV,2008,2,0,1959620648.31578,501355.0
CPV,2012,3,0,1913081210.41411,511955.0
CPV,2016,5,0,1849789985.99572,512554.0
CUB,1972,137,22,8135150891.92025,9123891.0
CUB,1976,156,24,13789579902.5579,9571242.0
CUB,1980,208,20,19912889861.1111,9804796.0
CUB,1992,176,69,22085858243.2432,10785801.0
CUB,1996,164,55,25017368700.0,10962010.0
CUB,2000,229,65,30565400000.0,11109109.0
CUB,2004,151,62,38203000000.0,11238756.0
CUB,2008,158,47,56302129629.6296,11291762.0
CUB,2012,109,14,73141000000.0,11303175.0
CUB,2016,117,11,91370407900.0,11265612.0
CYP,1980,17,0,2154311276.94859,683076.0
CYP,1984,15,0,2278248953.14058,719334.0
CYP,1988,12,0,4278792597.23965,766235.0
CYP,1992,21,0,6912150456.32334,810341.0
CYP,1994,1,0,7425703928.57143,844667.0
CYP,1996,17,0,10011914680.0502,880290.0
CYP,1998,1,0,10248618778.2805,914548.0
CYP,2000,22,0,9985847313.85485,947667.0
CYP,2002,1,0,11420228846.1538,981440.0
CYP,2004,20,0,17320551250.0,1017875.0
CYP,2006,1,0,20072754986.8272,1054418.0
CYP,2008,17,0,27958384913.4219,1091026.0
CYP,2010,2,0,25799940416.0167,1127816.0
CYP,2012,13,1,25047433099.5891,1165397.0
CYP,2014,1,0,23225912183.4991,1201801.0
CYP,2016,15,0,21046452117.3759,1237112.0
CZE,1994,63,0,48188478339.4129,10333587.0
CZE,1996,115,13,67804105329.8557,10315241.0
CZE,1998,61,23,67187217327.7326,10294373.0
CZE,2000,119,9,62175642238.0847,10255063.0
CZE,2002,76,3,82607869609.574,10196916.0
CZE,2004,142,13,120147899983.657,10197101.0
CZE,2006,83,27,156236258386.589,10238905.0
CZE,2008,134,7,236506264753.95,10384603.0
CZE,2010,90,9,211168667286.27,10474410.0
CZE,2012,133,14,210363223087.728,10510785.0
CZE,2014,87,11,210911285077.683,10525347.0
CZE,2016,104,15,198160659303.939,10566332.0
DJI,1988,6,1,395794538.630775,484523.0
DJI,1992,8,0,478058304.871118,626010.0
DJI,1996,5,0,494004647.73437,648348.0
DJI,2000,2,0,551230861.856505,747318.0
DJI,2008,2,0,999105339.267729,892734.0
DJI,2012,4,0,1353632941.5207,966747.0
DJI,2016,7,0,2604955228.70117,1037653.0
DMA,1996,6,0,292285185.185185,69410.0
DMA,2000,4,0,333470370.37037,68511.0
DMA,2004,2,0,396711111.111111,68649.0
DMA,2008,2,0,480003703.703704,68854.0
DMA,2012,2,0,520355555.555556,69118.0
DMA,2014,1,0,572255555.555555,70373.0
DMA,2016,2,0,612711111.111111,69606.0
DOM,1964,1,0,1025599900.0,3698559.0
DOM,1968,18,0,1079100000.0,4157189.0
DOM,1972,5,0,1987400000.0,4651883.0
DOM,1976,10,0,3951500000.0,5180404.0
DOM,1980,6,0,6761300000.0,5729037.0
DOM,1984,19,1,11594000000.0,6289040.0
DOM,1988,16,0,5374299981.49698,6855734.0
DOM,1992,32,0,11605382504.0,7447474.0
DOM,1996,16,0,18241622547.5908,8032894.0
DOM,2000,13,0,24305780628.6677,8584190.0
DOM,2004,33,1,22322387382.494,9104892.0
DOM,2008,24,2,48091433554.186,9573130.0
DOM,2012,33,2,60561635555.6383,10070411.0
DOM,2016,26,1,75552902635.7075,10551430.0
ECU,1968,15,0,2582179864.15493,5799680.0
ECU,1972,2,0,3185986087.33583,6529034.0
ECU,1976,5,0,9091921030.17345,7320912.0
ECU,1980,12,0,17881508242.4481,8165877.0
ECU,1984,11,0,16912509091.855,9074782.0
ECU,1988,13,0,13051881851.4068,10010808.0
ECU,1992,13,0,18094238119.0595,10930128.0
ECU,1996,19,1,25226393196.5983,11810950.0
ECU,2000,10,0,17539454727.3637,12689206.0
ECU,2004,16,0,35194947000.0,13608701.0
ECU,2008,25,1,61139438000.0,14575202.0
ECU,2012,36,0,87735048000.0,15572194.0
ECU,2016,37,0,97671433000.0,16505139.0
EGY,1964,73,0,4709245761.67881,29858922.0
EGY,1968,30,0,5932242990.65421,32998319.0
EGY,1972,23,0,9299638055.84281,36258328.0
EGY,1976,26,0,13315988083.4161,39795557.0
EGY,1984,115,1,33971188991.6147,49247334.0
EGY,1988,49,0,34980124929.0176,55187681.0
EGY,1992,75,0,41855986519.4235,61480660.0
EGY,1996,29,0,67629716981.1321,67028048.0
EGY,2000,89,0,99838543960.0763,73083284.0
EGY,2004,97,5,78782467532.4675,79477443.0
EGY,2008,100,1,162818181818.182,85864789.0
EGY,2012,109,2,279116666666.667,93161001.0
EGY,2016,121,3,332441717791.411,101644589.0
ERI,2000,3,0,706370815.584416,2247031.0
ERI,2004,4,1,1109054005.43971,2598284.0
ERI,2008,10,0,1380188800.0,2816327.0
ESP,1960,148,14,12424514013.7604,30455000.0
ESP,1964,57,0,21966876027.2517,31609195.0
ESP,1968,142,0,32394326463.759,33113134.0
ESP,1972,126,2,59090176028.993,34604469.0
ESP,1976,117,6,118422534195.474,36137812.0
ESP,1980,163,24,232600556973.776,37491165.0
ESP,1984,191,19,171979977230.387,38330364.0
ESP,1988,241,5,375891716897.586,38766939.0
ESP,1992,439,70,630465353486.104,39157685.0
ESP,1994,13,0,530183651720.283,39549108.0
ESP,1996,289,66,642251412058.321,39889852.0
ESP,1998,12,0,618731484575.12,40223509.0
ESP,2000,321,42,598102854756.08,40567864.0
ESP,2002,7,0,708938227243.923,41431558.0
ESP,2004,316,30,1069829382514.67,42921895.0
ESP,2006,16,0,1261846683275.29,44397319.0
ESP,2008,283,70,1636115447612.5,45954106.0
ESP,2010,18,0,1427989078916.67,46576897.0
ESP,2012,278,63,1330994811670.31,46773055.0
ESP,2014,20,0,1380244561361.96,46460733.0
ESP,2016,307,45,1243015667917.12,46458139.0
EST,1994,26,0,4123011419.74174,1462514.0
EST,1996,43,0,4786018988.16491,1415594.0
EST,1998,20,0,5674080542.88575,1386156.0
EST,2000,33,3,5686579747.53524,1396985.0
EST,2002,17,3,7370119619.4782,1379350.0
EST,2004,42,3,12148595031.0559,1362550.0
EST,2006,26,3,17025671810.3124,1346810.0
EST,2008,47,3,24342935403.5447,1337090.0
EST,2010,30,1,19524355419.038,1331475.0
EST,2012,32,2,23237406116.3988,1322696.0
EST,2014,25,0,27055689003.0038,1314545.0
EST,2016,46,4,24561027787.7896,1315790.0
ETH,1960,10,1,1610511693.84215,21376693.0
ETH,1964,12,1,1984129185.6,23666548.0
ETH,1968,18,2,2619948864.8,26337930.0
ETH,1972,31,2,3520252938.26087,29374608.0
ETH,1980,41,4,7012585454.10628,34428514.0
ETH,1992,20,3,10754799036.5745,51853747.0
ETH,1996,18,3,8761215548.48614,59467635.0
ETH,2000,26,8,8242349617.8638,67411494.0
ETH,2004,26,7,10131187261.4421,76077206.0
ETH,2006,1,0,15280861834.6024,80703490.0
ETH,2008,27,7,27066912635.2228,85543668.0
ETH,2010,1,0,29933790334.3418,90538514.0
ETH,2012,33,7,43310721414.0829,95798767.0
ETH,2016,37,8,68475871209.607,106718162.0
FIN,1960,165,19,5279481824.12983,4429634.0
FIN,1964,140,20,7848987792.54261,4548543.0
FIN,1968,118,12,8916565040.54632,4626469.0
FIN,1972,146,20,14744499569.8308,4639657.0
FIN,1976,130,22,31852352669.6415,4725664.0
FIN,1980,157,21,53649984061.205,4779535.0
FIN,1984,131,31,52870993272.6553,4881803.0
FIN,1988,131,38,109039090262.971,4946481.0
FIN,1992,150,20,112537828510.751,5041992.0
FIN,1994,61,30,103182697780.307,5088333.0
FIN,1996,76,4,131991975148.848,5124573.0
FIN,1998,85,58,133990876724.522,5153498.0
FIN,2000,70,5,125967821110.589,5176209.0
FIN,2002,98,13,140360963811.765,5200598.0
FIN,2004,53,2,197458297639.769,5228172.0
FIN,2006,90,41,217044068234.117,5266268.0
FIN,2008,57,5,285698662071.094,5313399.0
FIN,2010,91,47,249429613683.334,5363352.0
FIN,2012,56,5,257443384492.969,5413971.0
FIN,2014,99,33,273478528954.901,5461512.0
FIN,2016,54,1,238777818792.608,5495303.0
FRA,1960,264,15,61959085885.3427,47412964.0
FRA,1964,162,38,93424179943.3453,49401492.0
FRA,1968,275,36,128710572572.436,51112980.0
FRA,1972,267,25,201738881664.499,52962356.0
FRA,1976,241,21,368363152144.223,54232383.0
FRA,1980,143,30,694529183483.39,55274184.0
FRA,1984,270,70,525033325827.516,56383085.0
FRA,1988,334,31,1010827662151.75,57598186.0
FRA,1992,448,69,1389663073110.28,58846584.0
FRA,1994,98,11,1385822778827.98,59324863.0
FRA,1996,299,51,1598889216566.23,59754504.0
FRA,1998,106,15,1496906382032.47,60190684.0
FRA,2000,336,66,1360959069477.49,60918661.0
FRA,2002,114,15,1492427756382.43,61812142.0
FRA,2004,308,53,2109792297237.03,62707588.0
FRA,2006,82,15,2317861544690.82,63622342.0
FRA,2008,309,77,2926802941585.86,64375116.0
FRA,2010,104,14,2646230027988.34,65026211.0
FRA,2012,324,82,2683007095787.23,65657659.0
FRA,2014,107,18,2861236112552.42,66312067.0
FRA,2016,392,96,2470407619777.13,66724104.0
FSM,2000,5,0,229616800.0,112044.0
FSM,2004,5,0,235538100.0,111925.0
FSM,2008,5,0,261000000.0,108936.0
FSM,2012,6,0,324000000.0,107890.0
FSM,2016,5,0,327000000.0,109075.0
GAB,1972,1,0,430508358.514204,620960.0
GAB,1984,4,0,3561451560.50783,833501.0
GAB,1988,2,0,3834503376.02992,931020.0
GAB,1992,5,0,5592390827.39854,1038380.0
GAB,1996,7,0,5694040002.89863,1152015.0
GAB,2000,5,0,5080483628.53013,1275572.0
GAB,2004,5,0,7770219008.21293,1421609.0
GAB,2008,4,0,15571348344.3379,1607175.0
GAB,2012,21,1,17170464016.0593,1846889.0
GAB,2016,6,0,14023890265.3665,2100306.0
GBR,1960,270,28,73233967692.1028,52400000.0
GBR,1964,240,30,94407558351.1616,54000000.0
GBR,1968,263,19,107759910067.889,55211700.0
GBR,1972,321,29,169965034965.035,56086065.0
GBR,1976,284,33,232614555256.065,56211968.0
GBR,1980,267,48,564947710899.373,56314216.0
GBR,1984,387,73,461487097632.349,56422072.0
GBR,1988,393,54,910122732123.799,56928327.0
GBR,1992,420,50,1179659529659.53,57580402.0
GBR,1994,32,3,1140489745944.29,57865745.0
GBR,1996,300,26,1425287051482.06,58166950.0
GBR,1998,34,4,1660821464060.95,58487141.0
GBR,2000,310,54,1671597821152.97,58892514.0
GBR,2002,49,6,1790536570743.41,59370479.0
GBR,2004,264,57,2429774807762.72,59987905.0
GBR,2006,39,1,2719558417663.29,60846820.0
GBR,2008,304,81,2945251838235.29,61806995.0
GBR,2010,52,1,2496740681057.14,62766365.0
GBR,2012,530,126,2719715961539.83,63711000.0
GBR,2014,53,10,3085362169410.29,64619000.0
GBR,2016,360,145,2706807606538.73,65606000.0
GEO,1994,5,0,2513867645.13316,4836076.0
GEO,1996,34,2,3094936177.1918,4491699.0
GEO,1998,4,0,3613497316.55319,4243607.0
GEO,2000,36,6,3057475335.18846,4077131.0
GEO,2002,4,0,3395766677.67315,3978515.0
GEO,2004,32,4,5125365191.98664,3927340.0
GEO,2006,3,0,7745250733.95067,3880347.0
GEO,2008,35,6,12795145130.9103,3848449.0
GEO,2010,6,0,12426907967.1578,3786695.0
GEO,2012,34,7,16894392033.2256,3728874.0
GEO,2014,4,0,17966015109.3043,3719414.0
GEO,2016,40,7,15444548901.9637,3727505.0
GHA,1960,13,1,1217230094.97205,6961215.0
GHA,1964,33,1,1731296199.52296,7695739.0
GHA,1968,31,0,1666909517.65205,8475729.0
GHA,1972,35,1,2112293279.98507,9438187.0
GHA,1984,21,0,4412279843.44423,13370590.0
GHA,1988,16,0,5197765031.64557,14636568.0
GHA,1992,34,20,6416103925.83267,16184855.0
GHA,1996,35,0,6932991739.37767,17810181.0
GHA,2000,22,0,4982850662.20851,19637087.0
GHA,2004,26,0,8881417906.71432,21868298.0
GHA,2008,9,0,28679383241.0729,24249946.0
GHA,2010,1,0,32197655566.5347,25474995.0
GHA,2012,7,0,41271701060.954,26734268.0
GHA,2016,13,0,56144179397.8516,29356742.0
GUM,2004,4,0,3869000000.0,163810.0
GUM,2008,6,0,4658000000.0,165693.0
GUM,2012,8,0,5265000000.0,166331.0
GUM,2016,5,0,5901000000.0,164233.0
GUY,1960,5,0,170216241.126064,569143.0
GUY,1964,1,0,194774513.063717,621764.0
GUY,1968,5,0,229750000.0,676160.0
GUY,1972,3,0,285380952.380952,721617.0
GUY,1980,8,1,603200000.0,774367.0
GUY,1984,10,0,437631605.263158,774111.0
GUY,1988,8,0,413799990.0,759663.0
GUY,1992,6,0,373573141.486811,749911.0
GUY,1996,7,0,705406001.424501,760526.0
GUY,2000,4,0,712667896.727512,764832.0
GUY,2004,4,0,787814379.183843,762418.0
GUY,2008,4,0,3025187433.33637,754606.0
GUY,2012,6,0,4063088535.76331,746288.0
GUY,2016,6,0,4482697336.56174,763548.0
HKG,1960,4,0,1320796651.69457,3094840.0
HKG,1964,39,0,2206466461.26434,3504600.0
HKG,1968,11,0,2716964388.42418,3802700.0
HKG,1972,10,0,5710090213.15035,4123600.0
HKG,1976,25,0,12876366008.8077,4518000.0
HKG,1984,47,0,33511383985.6741,5397900.0
HKG,1988,48,0,59707404560.5944,5627600.0
HKG,1992,38,0,104272507639.282,5800500.0
HKG,1996,23,1,159718183550.734,6435500.0
HKG,2000,31,0,171668891194.349,6665000.0
HKG,2002,2,0,166348866131.028,6744100.0
HKG,2004,32,2,169099768875.193,6783500.0
HKG,2006,1,0,193535442896.365,6857100.0
HKG,2008,34,0,219278749139.734,6957800.0
HKG,2010,1,0,228638668727.291,7024200.0
HKG,2012,41,1,262628865879.697,7150100.0
HKG,2014,1,0,291459995978.893,7229500.0
HKG,2016,37,0,320860317562.562,7336600.0
HUN,1968,177,81,4886222554.66355,10255815.0
HUN,1972,233,81,7379313742.13684,10398489.0
HUN,1976,181,55,13235612078.8396,10598677.0
HUN,1980,265,63,23116977148.0216,10711122.0
HUN,1984,9,0,21242726264.4854,10668095.0
HUN,1988,193,44,29799838597.4079,10596487.0
HUN,1992,241,45,38857339124.9084,10369341.0
HUN,1994,16,0,43307949890.4603,10343355.0
HUN,1996,213,43,46833767123.6915,10311238.0
HUN,1998,17,0,48784412623.5939,10266570.0
HUN,2000,178,53,47275954428.9586,10210971.0
HUN,2002,25,0,67636468625.0428,10158608.0
HUN,2004,209,40,104015363080.271,10107146.0
HUN,2006,19,0,115604111412.139,10071370.0
HUN,2008,171,27,158228265915.534,10038188.0
HUN,2010,15,0,131898737241.166,10000023.0
HUN,2012,152,26,128470269689.958,9920362.0
HUN,2014,16,0,141128696412.321,9833038.0
HUN,2016,154,22,128983560865.293,9759755.0
IND,1960,45,13,37029883876.1839,435990338.0
IND,1964,54,15,56480289940.9899,479229598.0
IND,1968,26,16,53085455870.6667,522716889.0
IND,1972,41,14,71464700666.9869,570482142.0
IND,1976,26,0,102716451979.68,625861883.0
IND,1980,72,16,186328579302.068,687354025.0
IND,1984,48,0,212157645177.652,754875449.0
IND,1988,49,0,296589670895.932,827342990.0
IND,1992,54,0,288208070278.013,902957070.0
IND,1996,49,1,392896866204.516,979678458.0
IND,1998,1,0,421351317224.941,1018665080.0
IND,2000,65,1,468395521654.458,1057922733.0
IND,2002,1,0,514939140318.756,1097600380.0
IND,2004,73,1,709152728830.775,1135991513.0
IND,2006,4,0,940259888787.721,1172878890.0
IND,2008,53,3,1198895139005.92,1207930964.0
IND,2010,3,0,1675615519484.96,1243481564.0
IND,2012,81,6,1827637590410.41,1278674502.0
IND,2014,2,0,2039126479154.52,1312277191.0
IND,2016,112,2,2294796885663.16,1343944296.0
IRL,1960,49,0,1998550221.80554,2828600.0
IRL,1964,25,1,2851091646.43165,2866550.0
IRL,1968,31,0,3378701146.84197,2915550.0
IRL,1972,59,0,6318060582.21873,3036850.0
IRL,1976,44,0,9453756014.71837,3238050.0
IRL,1980,47,3,21747855640.0712,3412800.0
IRL,1984,42,1,20106648454.8404,3532423.0
IRL,1988,61,0,37772896220.7559,3524949.0
IRL,1992,61,2,55918538121.3989,3558430.0
IRL,1996,78,4,75790786290.3226,3637510.0
IRL,1998,6,0,90199410115.5097,3712696.0
IRL,2000,64,1,100207610429.909,3805174.0
IRL,2002,6,0,128596035288.401,3931947.0
IRL,2004,46,0,194372115041.065,4070262.0
IRL,2006,4,0,232180617162.279,4273591.0
IRL,2008,55,3,275447471451.063,4489544.0
IRL,2010,6,0,221732824603.484,4560155.0
IRL,2012,64,5,226921827888.137,4599533.0
IRL,2014,5,0,266490442124.309,4657740.0
IRL,2016,76,3,305431252708.748,4762722.0
IRQ,1960,21,1,1537252193.09912,7022052.0
IRQ,1964,13,0,2136408197.83672,7929566.0
IRQ,1968,3,0,2896598841.36046,9085016.0
IRQ,1980,43,0,52569000000.0,13591992.0
IRQ,1984,23,0,46938387096.7742,15310733.0
IRQ,1988,27,0,62684516129.0323,16908819.0
IRQ,1992,8,0,553671957.671958,18300845.0
IRQ,1996,3,0,10433698621.3427,21501321.0
IRQ,2000,4,0,48364250943.9051,24424056.0
IRQ,2004,24,0,36633669269.3981,27577878.0
IRQ,2008,4,0,131614434153.505,28971036.0
IRQ,2012,8,0,218002476129.472,33654842.0
IRQ,2016,20,0,166743557747.671,38469627.0
ISL,1960,13,0,260984498.826389,175574.0
ISL,1964,9,0,456206298.792753,188983.0
ISL,1968,12,0,498365199.686946,201488.0
ISL,1972,25,0,869002945.841831,209137.0
ISL,1976,21,0,1727845419.11401,220154.0
ISL,1980,15,0,3499616683.34167,228138.0
ISL,1984,35,1,2964568005.62888,239511.0
ISL,1988,35,0,6320093411.44744,249740.0
ISL,1992,32,0,7328497599.30768,261057.0
ISL,1994,5,0,6612804055.79289,266021.0
ISL,1996,9,0,7686566105.26316,268916.0
ISL,1998,7,0,8637732541.50677,274047.0
ISL,2000,18,1,9140168922.35677,281205.0
ISL,2002,6,0,9416199699.54736,287523.0
ISL,2004,26,0,13963943244.0018,292074.0
ISL,2006,5,0,17671649843.2602,303782.0
ISL,2008,27,14,18247921360.2599,317414.0
ISL,2010,4,0,13922711576.5124,318041.0
ISL,2012,27,0,14943757823.3226,320716.0
ISL,2014,5,0,18052183514.8695,327386.0
ISL,2016,8,0,21083713310.457,335439.0
ISR,1960,23,0,3068690949.10336,2114020.0
ISR,1964,10,0,4021861429.6918,2475000.0
ISR,1968,29,0,5455059532.48967,2803000.0
ISR,1972,14,0,9216866299.13417,3148000.0
ISR,1976,26,0,15946502888.1062,3533000.0
ISR,1984,32,0,30626695891.4272,4159000.0
ISR,1988,18,0,52618458014.4117,4442000.0
ISR,1992,30,2,79408652426.2417,5123000.0
ISR,1994,1,0,90684108118.4773,5399000.0
ISR,1996,25,1,115051957577.467,5692000.0
ISR,1998,3,0,120468659245.809,5971000.0
ISR,2000,39,1,136409902631.643,6289000.0
ISR,2002,5,0,125215963105.239,6570000.0
ISR,2004,36,2,139925423025.435,6809000.0
ISR,2006,5,0,158706516001.616,7053700.0
ISR,2008,43,1,220952472408.027,7308800.0
ISR,2010,3,0,239372857534.485,7623600.0
ISR,2012,37,0,263172104090.976,7910500.0
ISR,2014,4,0,314376760832.047,8215700.0
ISR,2016,47,2,321083954798.337,8546000.0
ITA,1960,308,89,42012422612.3955,50199700.0
ITA,1964,229,61,65720771779.4768,51675350.0
ITA,1968,214,41,91485448147.84,53235750.0
ITA,1972,268,34,145594833997.344,54381345.0
ITA,1976,268,35,225235205861.828,55718260.0
ITA,1980,205,40,478356755595.749,56433883.0
ITA,1984,342,65,438896930791.272,56576718.0
ITA,1988,311,37,893663934840.821,56629288.0
ITA,1992,411,66,1323204350353.5,56797087.0
ITA,1994,104,32,1101750159702.21,56843400.0
ITA,1996,340,71,1314776508972.27,56860281.0
ITA,1998,113,17,1272729786996.77,56906744.0
ITA,2000,361,65,1149661363439.38,56942108.0
ITA,2002,109,21,1281746271196.04,57089824.0
ITA,2004,364,104,1812808753294.75,57828179.0
ITA,2006,179,25,1958563654385.64,58399861.0
ITA,2008,333,42,2417508414187.19,59211181.0
ITA,2010,109,5,2144936254535.0,59819407.0
ITA,2012,281,68,2097929495121.68,60191247.0
ITA,2014,110,14,2173255507985.84,60320707.0
ITA,2016,309,72,1887111188176.93,60115223.0
JAM,1964,21,0,897949000.8204,1745568.0
JAM,1968,25,1,1083839132.92869,1833765.0
JAM,1972,33,1,1875146587.4443,1931542.0
JAM,1976,20,2,2966042856.04286,2045578.0
JAM,1980,18,3,2679379371.51261,2145658.0
JAM,1984,45,7,2373564549.4932,2264562.0
JAM,1988,39,7,3828342820.3494,2345777.0
JAM,1992,41,4,3535460089.80719,2424701.0
JAM,1994,4,0,5452558947.03045,2475220.0
JAM,1996,46,16,7393891920.80358,2524463.0
JAM,1998,6,0,8787195622.43502,2569736.0
JAM,2000,48,23,9005064474.93003,2607826.0
JAM,2002,2,0,9719009494.84779,2640572.0
JAM,2004,47,13,10174664853.9476,2672225.0
JAM,2008,50,14,13709401520.0326,2725635.0
JAM,2010,1,0,13220549908.2494,2748568.0
JAM,2012,45,25,14807086555.5283,2772430.0
JAM,2014,2,0,13899217679.9219,2793749.0
JAM,2016,56,30,14898999754.1229,2809915.0
JOR,1980,4,0,3910044474.28044,2234186.0
JOR,1984,13,0,4967162160.40472,2654688.0
JOR,1988,7,0,6277451829.05325,3193039.0
JOR,1992,4,0,5310833193.59005,4127693.0
JOR,1996,5,0,6927503526.09309,4912516.0
JOR,2000,8,0,8460789844.8519,5386945.0
JOR,2004,8,0,11411706629.055,5882061.0
JOR,2008,7,0,25651620830.6149,6989866.0
JOR,2012,9,0,34854017887.3239,7587127.0
JOR,2016,8,1,43688498732.3944,10006367.0
JPN,1960,203,31,48417804544.9319,93216000.0
JPN,1964,375,62,89332989729.3394,96903000.0
JPN,1968,232,63,160201483788.149,101011000.0
JPN,1972,269,59,331776379991.589,107188000.0
JPN,1976,271,41,611495350303.909,112775000.0
JPN,1980,50,1,1153159955513.08,116807000.0
JPN,1984,265,50,1374165212365.14,120083000.0
JPN,1988,301,21,3191546727316.14,122578000.0
JPN,1992,315,59,4064529567505.43,124425000.0
JPN,1994,59,10,5104063486348.4,125178000.0
JPN,1996,306,42,5021441618840.38,125757000.0
JPN,1998,156,13,4150359076370.48,126400000.0
JPN,2000,266,44,5042381838343.44,126843000.0
JPN,2002,103,2,4245946980572.3,127445000.0
JPN,2004,306,93,4941485123806.53,127761000.0
JPN,2006,110,1,4648058930707.24,127854000.0
JPN,2008,332,51,5160197175876.43,128063000.0
JPN,2010,91,7,5811578109447.07,128070000.0
JPN,2012,291,84,6333803928787.76,127629000.0
JPN,2014,109,11,4985763289560.81,127276000.0
JPN,2016,335,64,5110357383254.44,127076000.0
KAZ,1994,29,3,21250792886.1054,17043771.0
KAZ,1996,96,11,21035357936.8796,16416027.0
KAZ,1998,60,2,22135245507.3656,15647785.0
KAZ,2000,130,7,18291990662.0356,15501103.0
KAZ,2002,50,0,24636598527.4437,15656677.0
KAZ,2004,114,8,43151647002.6096,15850159.0
KAZ,2006,55,0,81003864630.018,16103716.0
KAZ,2008,130,13,133441648851.982,16426525.0
KAZ,2010,37,1,148047348240.643,16836810.0
KAZ,2012,113,13,207998568865.789,17306106.0
KAZ,2014,50,1,221415613595.469,17816285.0
KAZ,2016,101,18,137278320084.171,18363600.0
KEN,1960,27,0,791265459.493816,7695307.0
KEN,1964,37,1,998759334.496266,8973535.0
KEN,1968,39,12,1353295458.68182,10518823.0
KEN,1972,57,12,2107279157.08834,12206060.0
KEN,1984,61,3,6191437070.18411,18514906.0
KEN,1988,74,9,8355380879.12955,21356219.0
KEN,1992,49,8,8209120763.04955,24382460.0
KEN,1996,52,8,12045865396.1323,27344211.0
KEN,1998,1,0,14093998843.7334,28888057.0
KEN,2000,56,7,12705350097.8044,30642890.0
KEN,2002,1,0,13147736898.5176,32629808.0
KEN,2004,46,7,16095337093.8366,34713455.0
KEN,2006,1,0,25825512284.2891,36904008.0
KEN,2008,46,15,35895153327.8497,39206351.0
KEN,2012,47,11,56396704671.5777,43888303.0
KEN,2016,79,13,74815144163.8931,48139687.0
KGZ,1994,1,0,1681780847.41091,4515069.0
KGZ,1996,33,0,1827570586.16784,4628438.0
KGZ,1998,1,0,1645963749.83146,4769015.0
KGZ,2000,48,1,1369688498.06778,4898362.0
KGZ,2002,2,0,1605643104.73021,4990704.0
KGZ,2004,29,0,2211534585.0034,5104713.0
KGZ,2006,1,0,2834168889.42019,5218373.0
KGZ,2008,20,2,5139958909.17936,5318729.0
KGZ,2010,2,0,4794361863.01353,5467059.0
KGZ,2012,14,0,6605142884.36215,5652076.0
KGZ,2014,1,0,7468102412.68237,5905848.0
KGZ,2016,19,0,6813095379.1187,6175338.0
KIR,2004,3,0,104085892.133271,96085.0
KIR,2008,2,0,147017894.97877,104222.0
KIR,2012,3,0,207001545.867109,112284.0
KIR,2016,3,0,206467818.503227,118478.0
KOR,1960,42,0,3973069306.93069,25012374.0
KOR,1964,161,3,3476789681.58031,27984155.0
KOR,1968,62,2,6167109472.42856,30838302.0
KOR,1972,47,1,10990490569.7259,33505406.0
KOR,1976,53,17,30371074380.1653,35848523.0
KOR,1980,10,0,66547970350.6151,38123775.0
KOR,1984,190,41,99749645088.5994,40405956.0
KOR,1988,423,77,205477530605.222,42031247.0
KOR,1992,249,56,366921291824.719,43747962.0
KOR,1994,21,9,479181794216.859,44641540.0
KOR,1996,303,66,631196863758.281,45524681.0
KOR,1998,37,12,397297216492.19,46286503.0
KOR,2000,281,73,597487173479.109,47008111.0
KOR,2002,46,7,650014391470.21,47644736.0
KOR,2004,264,52,823251107638.814,48082519.0
KOR,2006,40,19,1095175538508.19,48438292.0
KOR,2008,265,78,1091580692542.34,49054708.0
KOR,2010,45,18,1192830015737.68,49554112.0
KOR,2012,250,61,1335343586437.67,50199853.0
KOR,2014,71,14,1556252422020.44,50746659.0
KOR,2016,207,26,1579150518945.44,51217803.0
LAO,1988,3,0,598961269.297879,4072601.0
LAO,1992,6,0,1127806944.61513,4559646.0
LAO,1996,5,0,1873671550.34636,5045678.0
LAO,2000,3,0,1731198022.46763,5431212.0
LAO,2004,5,0,2366398119.86321,5781626.0
LAO,2008,4,0,5446433157.40114,6148969.0
LAO,2012,3,0,10192846339.4029,6518978.0
LAO,2016,5,0,15912501722.6143,6908802.0
LBR,1960,4,0,190495600.0,1139522.0
LBR,1964,1,0,218929100.0,1258745.0
LBR,1972,5,0,368098000.0,1542670.0
LBR,1984,7,0,848478300.0,2173312.0
LBR,1988,8,0,1038300000.0,2446941.0
LBR,1996,5,0,159400000.0,2232289.0
LBR,2000,8,0,874000000.0,2928117.0
LBR,2004,2,0,897000000.0,3156892.0
LBR,2008,3,0,1726000000.0,3821003.0
LBR,2012,3,0,2791614000.0,4373043.0
LBR,2016,2,0,3398419600.0,4755608.0
LCA,1996,6,0,788888888.888889,150436.0
LCA,2000,5,0,932592592.592592,158616.0
LCA,2004,2,0,1066666666.66667,164239.0
LCA,2008,4,0,1437731111.11111,168808.0
LCA,2012,4,0,1598207407.40741,172587.0
LCA,2016,5,0,1868544444.44444,175646.0
LIE,1972,10,0,124940289.32382,22132.0
LIE,1976,15,2,272489300.467827,24058.0
LIE,1980,7,4,534699362.896161,25512.0
LIE,1984,17,2,502620991.852944,26596.0
LIE,1988,25,1,1161757671.01756,27948.0
LIE,1992,14,0,1631177029.45063,29627.0
LIE,1994,10,0,1948129622.75132,30470.0
LIE,1996,2,0,2504012993.42238,31033.0
LIE,1998,8,0,2479699106.02264,31668.0
LIE,2000,2,0,2483889858.32312,32645.0
LIE,2002,8,0,2688618747.38148,33694.0
LIE,2004,1,0,3454373797.74442,34447.0
LIE,2006,5,0,4000102086.14635,35037.0
LIE,2008,2,0,5081479840.08716,35473.0
LIE,2010,4,0,5082337238.44718,36022.0
LIE,2012,3,0,5456102482.28614,36657.0
LIE,2014,3,0,6657526979.72277,37248.0
LIE,2016,3,0,6237302033.50132,37716.0
LTU,1996,61,11,8430207164.43677,3601613.0
LTU,1998,7,0,11289161847.2162,3549331.0
LTU,2000,61,17,11550695727.2335,3499536.0
LTU,2002,8,0,14282292664.6004,3443067.0
LTU,2004,59,3,22743164431.1972,3377075.0
LTU,2006,7,0,30116192746.8942,3269909.0
LTU,2008,71,5,47831254207.5223,3198231.0
LTU,2010,6,0,36638128534.0643,3097282.0
LTU,2012,62,5,42709372066.8627,2989139.0
LTU,2014,9,0,48306546656.9281,2937253.0
LTU,2016,67,7,42970749245.0336,2877325.0
LUX,1960,52,0,709941874.044355,313970.0
LUX,1964,12,0,910877686.268584,327750.0
LUX,1968,5,0,1075561622.81321,335850.0
LUX,1972,11,0,1901697369.62698,346600.0
LUX,1976,8,0,3423586206.89655,360731.0
LUX,1980,3,0,6019805490.41247,364150.0
LUX,1984,5,0,4438435492.87908,365998.0
LUX,1988,9,0,9418167855.18376,373450.0
LUX,1992,7,2,15518702634.8808,392175.0
LUX,1994,1,0,17701798890.7644,402925.0
LUX,1996,6,0,20895314657.9805,414225.0
LUX,1998,1,0,20150055567.904,424700.0
LUX,2000,7,0,21230200537.942,436300.0
LUX,2004,10,0,35064843792.8993,458095.0
LUX,2006,1,0,42910153829.6576,472637.0
LUX,2008,13,0,58844277701.5258,488650.0
LUX,2012,9,0,59776383527.3602,530946.0
LUX,2014,1,0,68804814554.646,556319.0
LUX,2016,10,0,62216885435.9488,582014.0
MAR,1960,47,1,2037154741.93211,11624933.0
MAR,1964,20,0,2798345298.57781,12898886.0
MAR,1968,30,0,3271422332.61996,14347899.0
MAR,1972,35,0,5074117544.77482,15924692.0
MAR,1976,9,0,9584297284.28316,17574182.0
MAR,1984,38,2,14824667954.3674,21593778.0
MAR,1988,30,3,25705296183.5037,23500524.0
MAR,1992,56,3,33711069430.78,25212468.0
MAR,1996,34,2,43161571527.6353,26808107.0
MAR,2000,55,5,43017455401.8445,28423435.0
MAR,2004,55,3,66114145451.0067,29953018.0
MAR,2008,47,2,101822906949.063,31606767.0
MAR,2010,1,0,100865329473.44,32467016.0
MAR,2012,63,1,106937392311.129,33355241.0
MAR,2014,2,0,119130841411.664,34204780.0
MAR,2016,48,1,111572947004.917,35023457.0
MDA,1994,2,0,1702314267.59123,2966745.0
MDA,1996,40,3,1695122173.91304,2947293.0
MDA,1998,2,0,1698717504.65549,2935227.0
MDA,2000,34,2,1288429391.79951,2924668.0
MDA,2002,5,0,1661818168.4226,2911385.0
MDA,2004,33,0,2598249555.89984,2896023.0
MDA,2006,6,0,3408255450.5509,2880967.0
MDA,2008,29,1,6054824248.24221,2868833.0
MDA,2010,7,0,6974982369.60155,2862354.0
MDA,2012,20,2,8709138634.82921,2860324.0
MDA,2014,4,0,9402090137.7423,2857815.0
MDA,2016,23,0,7980917075.7748,2803186.0
MDV,1988,7,0,168514513.375071,210885.0
MDV,1992,7,0,284875809.039634,238543.0
MDV,1996,6,0,450382327.952421,262347.0
MDV,2000,4,0,624337145.284622,282019.0
MDV,2004,4,0,1226829562.5,301413.0
MDV,2008,4,0,2271646187.5,336170.0
MDV,2012,5,0,2886163997.20531,386818.0
MDV,2016,4,0,4409942623.85538,443308.0
MEX,1960,69,1,13040000000.0,36724615.0
MEX,1964,94,1,20080000000.0,41772049.0
MEX,1968,275,9,29360000000.0,47668303.0
MEX,1972,174,1,45200000000.0,54030168.0
MEX,1976,97,2,88875923765.072,60645512.0
MEX,1980,45,10,205577055465.993,67300334.0
MEX,1984,100,6,184230754105.394,73506846.0
MEX,1988,94,2,181611150496.787,79695531.0
MEX,1992,122,1,363157832923.734,86044809.0
MEX,1994,1,0,553618247900.74,89259205.0
MEX,1996,98,1,432157945024.428,92452702.0
MEX,2000,78,6,742061329749.127,98625552.0
MEX,2002,3,0,810666116401.915,101548624.0
MEX,2004,109,4,819459227375.022,104394131.0
MEX,2008,83,4,1161553459984.65,110374288.0
MEX,2010,1,0,1105424238651.95,113623895.0
MEX,2012,99,24,1255110424741.85,116818208.0
MEX,2014,1,0,1364507717689.36,119784261.0
MEX,2016,123,5,1112233497452.7,122251351.0
MHL,2008,5,0,146600000.0,52030.0
MHL,2012,4,0,180700000.0,51419.0
MHL,2016,5,0,201800000.0,47709.0
MKD,1996,11,0,4642021256.30689,2012553.0
MKD,1998,3,0,3765745023.2074,2007523.0
MKD,2000,10,1,3772859034.20508,2026350.0
MKD,2002,2,0,4018365747.00972,2020157.0
MKD,2004,10,0,5682784471.69722,2016186.0
MKD,2006,3,0,6861226971.55617,1994287.0
MKD,2008,7,0,9909552434.51136,1971493.0
MKD,2010,3,0,9407170321.37752,1946298.0
MKD,2012,4,0,9745261300.57788,1929821.0
MKD,2014,3,0,11362265252.778,1917557.0
MKD,2016,6,0,10672467073.2873,1906313.0
MLI,1968,2,0,343771972.993855,6082979.0
MLI,1972,3,0,486617280.255549,6483726.0
MLI,1980,7,0,2704362788.89611,7530515.0
MLI,1984,4,0,1387809614.74905,8208599.0
MLI,1988,6,0,2712207900.69838,8833996.0
MLI,1992,5,0,3680775036.92681,9553540.0
MLI,1996,3,0,3743103419.72181,10407278.0
MLI,2000,5,0,3521570875.85064,11559290.0
MLI,2004,21,0,6485774930.41503,13102409.0
MLI,2008,17,0,11462490840.2195,14940782.0
MLI,2012,6,0,14795114602.6122,16957033.0
MLI,2016,6,0,16743796799.8329,19191289.0
MLT,1972,5,0,295106628.339343,302450.0
MLT,1980,8,0,1250198601.09268,316645.0
MLT,1984,7,0,1101807023.04918,330593.0
MLT,1988,6,0,2019503068.03393,347325.0
MLT,1992,6,0,3021942758.83978,367618.0
MLT,1996,7,0,3822547151.38465,379905.0
MLT,2000,7,0,4036809766.6603,390087.0
MLT,2004,7,0,6104141501.07928,401268.0
MLT,2008,6,0,9172399572.85742,409379.0
MLT,2012,5,0,9609530618.89688,420028.0
MLT,2014,1,0,11888029751.5962,433481.0
MLT,2016,7,0,12025777078.0922,454505.0
MNE,2008,19,0,4559410049.1032,616969.0
MNE,2010,1,0,4136936243.54334,619428.0
MNE,2012,33,14,4071828832.31109,621418.0
MNE,2014,2,0,4579635403.65249,623744.0
MNE,2016,35,0,4357467226.269,625353.0
MOZ,1992,6,0,2798696511.18156,13613316.0
MOZ,1996,3,1,4030146134.5706,16492480.0
MOZ,2000,4,1,5930685214.61595,18129653.0
MOZ,2004,4,0,7937255565.35765,19840313.0
MOZ,2008,4,0,12920340964.6544,21819036.0
MOZ,2012,6,0,16688114144.0745,24337846.0
MOZ,2016,6,0,12069051237.1711,27337105.0
NAM,1992,6,2,3429521699.4026,1461322.0
NAM,1996,8,2,3989163196.56767,1646103.0
NAM,2000,11,0,3922232164.83175,1818647.0
NAM,2004,8,0,6609205994.77406,1942082.0
NAM,2008,10,0,8607431497.49471,2047056.0
NAM,2012,9,0,13042053591.6857,2194654.0
NAM,2016,10,0,10722018732.0936,2439213.0
NOR,1960,69,11,5172811442.41911,3581239.0
NOR,1964,84,15,7172430304.05326,3694339.0
NOR,1968,111,28,10178705992.4833,3816486.0
NOR,1972,179,25,17283931878.2065,3933004.0
NOR,1976,107,16,35815449463.9421,4026152.0
NOR,1980,63,15,64176789763.5245,4085620.0
NOR,1984,161,19,61866078539.4842,4140099.0
NOR,1988,132,33,101497621605.033,4209488.0
NOR,1992,162,47,129998873602.06,4286401.0
NOR,1994,87,30,126324387893.902,4336613.0
NOR,1996,97,23,162427517132.314,4381336.0
NOR,1998,75,40,152955958171.529,4431464.0
NOR,2000,93,43,170620327660.251,4490967.0
NOR,2002,77,41,195359978957.389,4538159.0
NOR,2004,52,7,265662977688.108,4591910.0
NOR,2006,67,23,349773283644.925,4660677.0
NOR,2008,84,22,472060283687.943,4768212.0
NOR,2010,95,39,440132138425.479,4889252.0
NOR,2012,61,17,525082939406.962,5018573.0
NOR,2014,110,36,515829568897.117,5137232.0
NOR,2016,62,19,383284047619.048,5234519.0
NRU,1996,3,0,37458801.2139605,10183.0
NRU,2000,2,0,26930980.3429002,10168.0
NRU,2004,3,0,30587565.7988334,10060.0
NRU,2008,1,0,37602264.7306872,10009.0
NRU,2012,2,0,101055722.95058,10267.0
NRU,2016,2,0,97541943.0355053,11150.0
NZL,1960,41,3,5536098360.49526,2371800.0
NZL,1964,64,6,7340766415.01868,2585400.0
NZL,1968,58,7,5228045415.27318,2748100.0
NZL,1972,91,14,9567331064.65727,2903900.0
NZL,1976,85,25,13604832424.0062,3110500.0
NZL,1980,9,0,23244547384.6748,3112900.0
NZL,1984,136,23,21665975318.8842,3227100.0
NZL,1988,91,24,45176811594.2029,3283400.0
NZL,1992,139,16,41649829859.6342,3531700.0
NZL,1994,7,0,55314732279.1379,3620000.0
NZL,1996,95,9,70140835299.0148,3732000.0
NZL,1998,8,0,56227169851.0448,3815000.0
NZL,2000,147,4,52623281956.7031,3857700.0
NZL,2002,10,0,66627729311.4495,3948500.0
NZL,2004,148,6,103905210084.034,4087500.0
NZL,2006,15,0,111538810712.665,4184600.0
NZL,2008,178,15,133437126590.286,4259800.0
NZL,2010,16,0,146887902524.052,4350700.0
NZL,2012,178,27,176508049114.249,4408100.0
NZL,2014,14,0,201435445068.164,4516500.0
NZL,2016,195,36,188980351890.848,4714100.0
PAK,1960,44,14,3749265014.69971,45709310.0
PAK,1964,41,16,5204955900.88198,50799999.0
PAK,1968,15,13,8041999160.0168,56810507.0
PAK,1972,25,15,9415016359.56604,63583194.0
PAK,1976,24,16,13168080808.0808,71620254.0
PAK,1984,31,16,31151825467.4978,95164936.0
PAK,1988,30,1,38472742808.3167,108724739.0
PAK,1992,27,16,48884671947.4657,123546848.0
PAK,1996,24,0,63320170084.4076,138557092.0
PAK,2000,27,0,99484802344.5277,154879127.0
PAK,2004,26,0,132216048339.413,171286000.0
PAK,2008,21,0,202203748583.854,189499113.0
PAK,2010,1,0,196709621849.586,199239047.0
PAK,2012,21,0,250106966104.704,207667125.0
PAK,2014,1,0,271390474857.632,214264647.0
PAK,2016,7,0,313630000130.435,220138869.0
PAN,1960,6,0,537147100.0,1126005.0
PAN,1964,10,0,776137500.0,1270065.0
PAN,1968,16,0,1112791100.0,1429447.0
PAN,1972,7,0,1673411700.0,1599723.0
PAN,1976,8,0,2588106000.0,1776935.0
PAN,1984,8,0,6183387100.0,2150782.0
PAN,1988,6,0,5902783400.0,2352848.0
PAN,1992,5,0,8042337700.0,2561336.0
PAN,1996,7,0,9197503300.0,2780227.0
PAN,2000,6,0,11966497000.0,3010369.0
PAN,2004,4,0,15100203400.0,3251155.0
PAN,2008,5,1,25721328000.0,3500648.0
PAN,2012,8,0,41595439700.0,3759256.0
PAN,2016,10,0,59760858700.0,4029086.0
PER,1960,31,0,2571986572.12719,10174127.0
PER,1964,31,0,4353664866.67985,11427978.0
PER,1968,28,0,5736083835.29034,12803993.0
PER,1972,20,0,9189413409.28138,14210147.0
PER,1976,13,0,16131958850.6444,15716809.0
PER,1980,28,0,18136838537.725,17360949.0
PER,1984,35,1,17600400384.5073,19174716.0
PER,1988,21,12,15439408447.2,21054702.0
PER,1992,16,1,35966302303.263,22946340.0
PER,1996,29,0,55252414130.3019,24811171.0
PER,2000,21,0,51744749133.213,26598331.0
PER,2004,12,0,66768703497.5687,27852190.0
PER,2008,13,0,120550599815.441,28719041.0
PER,2010,3,0,147527631520.729,29086019.0
PER,2012,16,0,192650021648.583,29550366.0
PER,2014,3,0,200786250582.943,30115826.0
PER,2016,29,0,191898104390.379,30866494.0
PLW,2000,5,0,149551484.375,19178.0
PLW,2004,4,0,166363734.375,19820.0
PLW,2008,5,0,199046109.375,19009.0
PLW,2012,5,0,214928296.875,17765.0
PLW,2016,5,0,303326125.0,17797.0
PNG,1976,6,0,1511843235.49111,2877327.0
PNG,1984,7,0,2552662617.18854,3405198.0
PNG,1988,11,0,3656177880.70625,3711880.0
PNG,1992,13,0,4377980510.05598,4166699.0
PNG,1996,11,0,5155311077.38998,4813361.0
PNG,2000,5,0,3521339699.07407,5537064.0
PNG,2004,4,0,3927157866.96465,6328041.0
PNG,2008,7,0,11670892800.5309,7183002.0
PNG,2012,8,0,21295168665.7247,8081390.0
PNG,2016,8,0,20758876952.6232,8961718.0
POL,1992,254,46,94337050693.2727,38363667.0
POL,1994,28,0,110803635287.621,38542652.0
POL,1996,165,22,160813026223.063,38624370.0
POL,1998,39,0,175282269666.801,38663481.0
POL,2000,187,24,172953527033.013,38258629.0
POL,2002,27,2,199694463255.567,38230364.0
POL,2004,194,12,256268656145.134,38182222.0
POL,2006,45,2,345897630736.173,38141267.0
POL,2008,257,20,535612030671.888,38125759.0
POL,2010,46,8,478111630683.514,38042794.0
POL,2012,210,12,498148649702.66,38063164.0
POL,2014,58,11,542134167178.627,38011735.0
POL,2016,234,16,473259623976.262,37970087.0
QAT,1984,24,0,6870329670.32967,347878.0
QAT,1988,10,0,6038186813.18681,411264.0
QAT,1992,28,1,7646153846.15385,469657.0
QAT,1996,12,0,9059340659.34066,529019.0
QAT,2000,17,1,17759890109.8901,644989.0
QAT,2004,15,0,31734065934.0659,773332.0
QAT,2008,20,0,115269780219.78,1426938.0
QAT,2012,12,2,186833502362.637,1722438.0
QAT,2016,37,1,151732181868.132,2477113.0
ROU,1988,79,58,40424528301.8868,23057662.0
ROU,1992,196,53,25121666666.6667,22794284.0
ROU,1994,23,0,30072805104.2542,22730211.0
ROU,1996,165,38,36937074278.3004,22619004.0
ROU,1998,16,0,41696091973.7076,22507344.0
ROU,2000,145,46,37253739511.1273,22442971.0
ROU,2002,21,0,46065502702.5817,21730496.0
ROU,2004,108,39,74973656851.8076,21451748.0
ROU,2006,25,0,122023735992.706,21193760.0
ROU,2008,101,22,214315932061.275,20537875.0
ROU,2010,28,0,170064350671.827,20246871.0
ROU,2012,105,16,179117323107.087,20058035.0
ROU,2014,22,0,199722319675.741,19908979.0
ROU,2016,95,16,185290759248.844,19702267.0
RUS,1994,113,36,395077301248.464,148407912.0
RUS,1996,390,115,391724890744.498,148160129.0
RUS,1998,122,52,270955486862.442,147670784.0
RUS,2000,435,187,259710142196.943,146596869.0
RUS,2002,151,38,345470494417.863,145306497.0
RUS,2004,446,189,591016690732.385,144067316.0
RUS,2006,174,41,989932071352.543,143049637.0
RUS,2008,454,142,1660848058303.11,142742366.0
RUS,2010,175,25,1524916715223.95,142849468.0
RUS,2012,429,140,2208293553878.42,143378447.0
RUS,2014,213,68,2059241589895.01,144237223.0
RUS,2016,284,115,1276786350881.14,145015460.0
RWA,1984,3,0,1587413083.94118,6107627.0
RWA,1988,6,0,2395492686.81271,6968071.0
RWA,1992,10,0,2029026961.55894,7683266.0
RWA,1996,4,0,1382334879.40812,6708764.0
RWA,2000,5,0,2068836754.37431,8213931.0
RWA,2004,5,0,2376496067.01198,8816844.0
RWA,2008,4,0,5120655375.24365,9804269.0
RWA,2012,7,0,7556673275.95438,10829901.0
RWA,2016,7,0,8596812240.52305,11919183.0
SEN,1964,12,0,1188930645.34423,3740535.0
SEN,1968,21,0,1309384861.92219,4207587.0
SEN,1972,38,0,1620857103.53492,4741631.0
SEN,1976,21,0,2869777884.45166,5308564.0
SEN,1980,32,0,4510108290.69571,5845638.0
SEN,1984,25,0,3485165431.71354,6499364.0
SEN,1988,23,1,6418419388.63499,7289618.0
SEN,1992,22,0,7769817839.95644,8168395.0
SEN,1994,1,0,5034588195.55806,8624078.0
SEN,1996,11,0,6559712165.96508,9067014.0
SEN,2000,26,0,6013185003.97525,9968260.0
SEN,2004,15,0,10076816666.6196,10975704.0
SEN,2006,1,0,11697918243.0035,11500094.0
SEN,2008,15,0,16853989627.548,12048959.0
SEN,2010,1,0,16121315909.0758,12635413.0
SEN,2012,31,0,17660870411.5235,13310495.0
SEN,2016,22,0,19040312333.1864,15034521.0
SGP,1960,5,1,704751700.302494,1646400.0
SGP,1968,4,0,1425706091.0356,2012000.0
SGP,1972,7,0,2721440980.75851,2152400.0
SGP,1976,4,0,6327077974.10703,2293300.0
SGP,1984,5,0,19749361097.965,2732221.0
SGP,1988,8,0,25371462488.1292,2846108.0
SGP,1992,14,0,52131320032.8797,3230698.0
SGP,1996,14,0,96293086513.0872,3670704.0
SGP,2000,14,0,96076539925.7409,4027887.0
SGP,2004,16,0,115033593101.049,4166664.0
SGP,2008,25,3,193617323539.203,4839396.0
SGP,2012,23,4,295092888076.589,5312437.0
SGP,2016,25,1,320759207438.623,5607283.0
SLE,1968,3,0,329859731.943893,2611532.0
SLE,1980,14,0,1100685844.92284,3272089.0
SLE,1984,7,0,1087471861.98928,3558758.0
SLE,1988,12,0,1055083933.07498,3934517.0
SLE,1992,11,0,679940813.948366,4166366.0
SLE,1996,14,0,941709422.502965,4199210.0
SLE,2000,3,0,635866403.776065,4423611.0
SLE,2004,2,0,2237350687.46606,5355717.0
SLE,2008,3,0,4157895298.19572,5894722.0
SLE,2012,2,0,6141666509.36295,6551080.0
SLE,2016,4,0,6084297211.10217,7205328.0
SMR,2000,4,0,1007661290.98039,26799.0
SMR,2002,1,0,1148872076.47059,27491.0
SMR,2004,5,0,1715341294.5946,29457.0
SMR,2006,1,0,1909765810.58823,30184.0
SMR,2008,4,0,2403214435.9375,31662.0
SMR,2010,1,0,1881191950.0,33270.0
SMR,2012,4,0,1604701051.17188,33469.0
SMR,2014,2,0,1673910988.23529,32655.0
SMR,2016,4,0,1468342400.08249,33101.0
SOM,1972,3,0,447883941.190165,3939436.0
SOM,1984,7,0,787434541.728857,6428389.0
SOM,1988,5,0,1051596967.1287,7235360.0
SOM,1996,4,0,1792234297.39194,7554474.0
SOM,2000,2,0,3412797450.20112,8838713.0
SOM,2004,2,0,3859592813.10255,10280998.0
SOM,2008,2,0,5913620292.90573,11663084.0
SOM,2012,2,0,4364670159.99578,12461160.0
SOM,2016,2,0,6613743069.99912,14348740.0
SRB,2008,87,15,54220641201.6474,7350222.0
SRB,2010,10,0,43536629233.1424,7291436.0
SRB,2012,116,16,45103269969.4112,7201497.0
SRB,2014,8,0,49114321280.3466,7131787.0
SRB,2016,103,54,42225495909.5633,7058322.0
STP,1996,2,0,135188165.74708,136962.0
STP,2000,2,0,76198394.8202671,144018.0
STP,2004,2,0,114582283.916382,157705.0
STP,2008,3,0,188021165.00338,173793.0
STP,2012,2,0,229371348.441006,189439.0
STP,2016,3,0,292267272.196925,203689.0
SUR,1968,1,0,241350000.0,354616.0
SUR,1972,2,0,311950000.0,397413.0
SUR,1976,3,0,505500000.0,388289.0
SUR,1984,5,0,864000000.0,382193.0
SUR,1988,6,1,1161000000.0,402227.0
SUR,1992,6,1,404600000.0,417589.0
SUR,1996,7,0,861372806.2082,438830.0
SUR,2000,4,0,947671969.69697,476643.0
SUR,2004,4,0,1484092538.40527,513923.0
SUR,2008,4,0,3532969034.60838,537245.0
SUR,2012,5,0,4980000000.0,562633.0
SUR,2016,6,0,3317421648.09918,587757.0
SVK,1994,42,0,16187735322.0356,5346331.0
SVK,1996,71,3,21864845213.7406,5373361.0
SVK,1998,37,0,22911708404.9614,5390516.0
SVK,2000,108,6,20626538612.3376,5388720.0
SVK,2002,49,0,24768142566.4057,5376912.0
SVK,2004,64,10,42960730480.0495,5372280.0
SVK,2006,58,1,57111148619.2975,5373054.0
SVK,2008,57,10,96685492864.2317,5379233.0
SVK,2010,68,3,91112160800.7668,5391428.0
SVK,2012,47,5,94724394278.052,5407579.0
SVK,2014,62,1,101713075598.862,5418649.0
SVK,2016,51,8,90347173228.6356,5430798.0
SWE,1960,181,16,15930075466.8898,7484656.0
SWE,1964,151,43,22685490195.3119,7661354.0
SWE,1968,168,25,31277871668.8452,7912273.0
SWE,1972,189,26,48883173399.9664,8122300.0
SWE,1976,155,12,89232517045.8459,8222286.0
SWE,1980,206,43,141886067003.972,8310531.0
SWE,1984,233,64,109043045407.287,8336605.0
SWE,1988,252,46,206686590775.558,8436489.0
SWE,1992,260,42,283908914454.48,8668067.0
SWE,1994,84,24,228699066874.028,8780745.0
SWE,1996,177,31,291949597375.485,8840998.0
SWE,1998,99,7,270887306758.576,8850974.0
SWE,2000,150,32,262903560280.282,8872109.0
SWE,2002,102,26,267371907446.776,8924958.0
SWE,2004,115,12,384545442175.019,8993531.0
SWE,2006,106,64,422528394459.353,9080505.0
SWE,2008,123,7,514614100832.941,9219637.0
SWE,2010,101,18,492750897239.447,9378126.0
SWE,2012,133,22,549739674655.127,9519374.0
SWE,2014,99,51,577727767303.596,9696110.0
SWE,2016,150,28,513058312950.939,9923085.0
SWZ,1972,2,0,146736479.235097,465788.0
SWZ,1984,8,0,494483408.878468,680783.0
SWZ,1988,11,0,692026454.737872,799798.0
SWZ,1992,7,0,1284759927.54594,943416.0
SWZ,1996,6,0,1602741833.70552,989841.0
SWZ,2000,6,0,1697161557.89452,1041414.0
SWZ,2004,3,0,2710331785.24986,1073159.0
SWZ,2008,4,0,3235921170.5095,1098091.0
SWZ,2012,3,0,4747813067.26006,1123863.0
SWZ,2016,2,0,3722306116.72872,1149507.0
SYR,1968,2,0,1753746429.62092,5978742.0
SYR,1972,5,0,3059681697.61273,6826024.0
SYR,1980,67,0,13062420382.1656,8957663.0
SYR,1984,9,1,17503078174.0039,10258398.0
SYR,1988,13,0,10577041644.9944,11782264.0
SYR,1992,8,0,13253565861.1424,13385571.0
SYR,1996,7,1,13789560878.2435,15018104.0
SYR,2000,8,0,18937031609.7969,16637888.0
SYR,2004,6,1,25086910447.9968,18336875.0
SYR,2008,7,0,52557913397.4638,21636564.0
SYR,2012,10,0,43190318032.5627,22759763.0
SYR,2016,7,0,12597854088.3602,19193834.0
THA,1960,20,0,2760750860.62197,26851747.0
THA,1964,54,0,3889129942.30769,30232141.0
THA,1968,41,0,6081009427.88461,34002560.0
THA,1972,33,0,8177873151.04224,37933929.0
THA,1976,42,1,16985208648.2112,41896504.0
THA,1984,35,1,41797647775.6238,49351708.0
THA,1988,14,1,61667253471.3736,52969595.0
THA,1992,46,1,111452746517.655,56528834.0
THA,1996,37,2,183035237429.281,59920064.0
THA,2000,52,3,126392224253.794,63007815.0
THA,2002,1,0,134300904400.022,64266437.0
THA,2004,42,8,172895685154.658,65452047.0
THA,2006,1,0,221758296021.621,66567687.0
THA,2008,47,4,291382982430.951,67619830.0
THA,2012,37,3,397558325278.579,69436098.0
THA,2014,2,0,407339040197.651,70216367.0
THA,2016,54,6,413366349747.508,70859841.0
TJK,1996,8,0,1043654822.33503,6066523.0
TJK,2000,4,0,860541842.263697,6284735.0
TJK,2002,1,0,1221106220.2868,6531669.0
TJK,2004,9,0,2076176869.41089,6790547.0
TJK,2006,1,0,2830213848.6203,7057566.0
TJK,2008,15,2,5161299725.27673,7338403.0
TJK,2010,1,0,5642221099.17704,7652141.0
TJK,2012,16,1,7633036903.07634,8014084.0
TJK,2014,1,0,9112605459.32845,8425552.0
TJK,2016,7,1,6992416096.89018,8865631.0
TKM,1996,7,0,2378759975.44506,4263819.0
TKM,2000,8,0,2904663310.9825,4582677.0
TKM,2004,9,0,6838351088.46688,4958093.0
TKM,2008,10,0,19271523178.8079,5345029.0
TKM,2012,10,0,35164210526.3158,5808546.0
TKM,2016,9,0,33313947368.4211,6360041.0
TLS,2004,2,0,440772000.0,929074.0
TLS,2008,1,0,648523600.0,1032429.0
TLS,2012,2,0,1160555000.0,1134885.0
TLS,2014,1,0,1447535200.0,1181903.0
TLS,2016,3,0,1640464600.0,1228312.0
TTO,1964,13,6,711897520.256199,912963.0
TTO,1968,19,0,758899950.0,969006.0
TTO,1972,19,0,1083391757.89486,1014921.0
TTO,1976,13,1,2500424955.23006,1066311.0
TTO,1980,9,0,6235833333.33333,1121744.0
TTO,1984,16,0,7757083333.33333,1172984.0
TTO,1988,6,0,4496910569.10569,1230069.0
TTO,1992,7,0,5439552941.17647,1271674.0
TTO,1994,2,0,4947181645.55221,1288341.0
TTO,1996,12,2,5759570336.11287,1300928.0
TTO,1998,2,0,6043686653.62189,1310225.0
TTO,2000,19,2,8154342116.10311,1319774.0
TTO,2002,3,0,9008298228.60273,1332011.0
TTO,2004,19,1,13280291989.5755,1345380.0
TTO,2008,28,6,27871587349.5413,1308587.0
TTO,2012,25,10,27147349937.4689,1335194.0
TTO,2016,28,1,23624322192.6274,1353895.0
TUN,1964,9,2,1025866792.15686,4489869.0
TUN,1968,7,2,1214666666.66667,4879899.0
TUN,1972,35,1,2237556148.51085,5396557.0
TUN,1976,15,0,4508191942.16081,5996994.0
TUN,1984,23,0,8254541194.82566,7220044.0
TUN,1988,41,0,10096245762.4352,7974440.0
TUN,1992,13,0,15496708060.4184,8682512.0
TUN,1996,51,1,19587161806.7655,9294432.0
TUN,2000,47,0,21473528160.7782,9764935.0
TUN,2004,54,0,31183885241.4396,10166163.0
TUN,2008,26,1,44859439902.2191,10542635.0
TUN,2012,83,3,47311401812.6733,11009647.0
TUN,2016,61,3,44360072680.4476,11528674.0
TUR,1960,51,9,7566666666.66667,28329898.0
TUR,1964,28,6,11177777777.7778,31543072.0
TUR,1968,40,2,17500000000.0,34921684.0
TUR,1972,43,1,20650000000.0,38430221.0
TUR,1976,36,0,51450000000.0,41899984.0
TUR,1984,53,3,59937602179.8365,49574069.0
TUR,1988,49,2,90875175808.7201,53909626.0
TUR,1992,49,6,159104772991.851,57990118.0
TUR,1994,1,0,130650447499.071,60033836.0
TUR,1996,53,6,250366965174.129,61951134.0
TUR,1998,1,0,276035372654.608,63734383.0
TUR,2000,57,5,274748463178.502,65425961.0
TUR,2002,3,0,240778008473.845,67048795.0
TUR,2004,64,11,410156784495.948,68592617.0
TUR,2006,6,0,559668118237.002,70045349.0
TUR,2008,67,7,775415944332.866,71051678.0
TUR,2010,5,0,782545664268.333,73142150.0
TUR,2012,112,5,885327622479.052,75175827.0
TUR,2014,6,0,942343431928.654,77181884.0
TUR,2016,100,8,870818016909.84,79277962.0
TUV,2008,3,0,31602915.0009478,10321.0
TUV,2012,3,0,38912985.1801769,10934.0
TUV,2016,1,0,41306141.62505,10930.0
UGA,1960,10,0,423145605.043164,7640973.0
UGA,1964,13,0,589247687.30035,8586363.0
UGA,1968,11,2,1037379252.41495,9708632.0
UGA,1972,33,2,1490970180.59639,10885796.0
UGA,1980,13,1,1244610000.0,13275741.0
UGA,1984,26,0,3615647477.05434,14607677.0
UGA,1988,24,0,6508931651.66667,16470483.0
UGA,1992,8,0,2857457761.90922,18785032.0
UGA,1996,10,1,6044585326.938,21231550.0
UGA,2000,13,0,6193246837.09687,24000150.0
UGA,2004,11,0,7939487547.77384,27154515.0
UGA,2008,11,0,14440404132.2047,30539553.0
UGA,2012,15,1,27305915910.7877,34337438.0
UGA,2016,21,0,29203988696.2626,38799152.0
UKR,1994,37,2,52549580264.8064,52075998.0
UKR,1996,231,34,44558831005.0621,51226109.0
UKR,1998,56,1,41882523345.1804,50379731.0
UKR,2000,230,35,32375083934.8241,49556660.0
UKR,2002,68,0,43956163612.0433,48677281.0
UKR,2004,239,47,67220154164.3166,47979507.0
UKR,2006,52,3,111884752475.248,47278694.0
UKR,2008,243,31,188110390659.515,46819175.0
UKR,2010,45,0,141209170427.233,46456003.0
UKR,2012,230,26,182591753827.949,46210056.0
UKR,2014,42,5,133503871861.723,45972380.0
UKR,2016,204,15,93355869403.9223,45616832.0
USA,1960,371,152,541988586206.897,180671000.0
USA,1964,436,177,684144620689.655,191889000.0
USA,1968,453,173,940225000000.0,200706000.0
USA,1972,503,195,1279110000000.0,209896000.0
USA,1976,502,175,1873412000000.0,218035000.0
USA,1980,101,30,2857307000000.0,227225000.0
USA,1984,628,361,4037613000000.0,235825000.0
USA,1988,644,214,5236438000000.0,244499000.0
USA,1992,693,238,6520327000000.0,256514000.0
USA,1994,148,19,7287236000000.0,263126000.0
USA,1996,648,259,8073122000000.0,269394000.0
USA,1998,186,34,9062817000000.0,275854000.0
USA,2000,586,242,10250952000000.0,282162411.0
USA,2002,202,84,10929108000000.0,287625193.0
USA,2004,533,263,12217196000000.0,292805298.0
USA,2006,204,52,13815583000000.0,298379912.0
USA,2008,588,317,14769862000000.0,304093966.0
USA,2010,212,97,15048971000000.0,309378227.0
USA,2012,530,248,16253970000000.0,314339099.0
USA,2014,222,64,17608138000000.0,319257560.0
USA,2016,555,264,18804913000000.0,324353340.0
UZB,1994,7,1,12899074922.38,22463291.0
UZB,1996,71,2,13948892215.5689,23351981.0
UZB,1998,4,0,14988971210.8383,24134929.0
UZB,2000,70,4,13760513969.314,24787054.0
UZB,2002,6,0,9687788512.80184,25399980.0
UZB,2004,69,5,12030023547.8807,26029350.0
UZB,2006,4,0,17330833852.919,26699043.0
UZB,2008,56,6,29549438883.8338,27494774.0
UZB,2010,3,0,55544226552.8467,28385506.0
UZB,2012,53,3,75318846931.3239,29261903.0
UZB,2014,3,0,91303765114.0144,30222994.0
UZB,2016,70,13,97871364319.3985,31284568.0
VEN,1960,36,1,7663938303.07171,8160090.0
VEN,1964,16,0,8192413793.10345,9377712.0
VEN,1968,23,1,10034444444.4444,10697530.0
VEN,1972,23,0,13977727272.7273,12099180.0
VEN,1976,32,1,31419534883.7209,13606284.0
VEN,1980,37,1,59116511627.907,15258218.0
VEN,1984,26,3,59867743467.9335,17008841.0
VEN,1988,17,0,60226413793.1035,18871020.0
VEN,1992,26,0,60416519620.0849,20780948.0
VEN,1996,39,0,70543211119.099,22662113.0
VEN,1998,1,0,91336763255.0597,23601337.0
VEN,2000,50,0,117146466002.661,24526708.0
VEN,2002,4,0,92893587733.6549,25435671.0
VEN,2004,48,2,112451400424.964,26340838.0
VEN,2006,1,0,183477522123.894,27224686.0
VEN,2008,108,1,315953388510.678,28053696.0
VEN,2012,68,1,371846610182.327,29553826.0
VEN,2014,1,0,214838755021.964,30254079.0
VEN,2016,85,3,112948035494.959,30765720.0
YEM,1992,8,0,17959367194.005,14989494.0
YEM,1996,4,0,6496163615.66086,17313177.0
YEM,2000,2,0,9679316770.18633,19624141.0
YEM,2004,3,0,13867634371.4773,22095167.0
YEM,2008,5,0,26910855807.288,25111941.0
YEM,2012,4,0,35401331609.5916,28433647.0
YEM,2016,3,0,31317825274.1507,32109010.0
